User_ID,Age,Gender,Country,Session_Duration,Pages_Visited,Product_Category,Purchase_Intent,Purchase_Amount,Device_Type,Signup_Date,Last_Login
U1000,34.0,male,India,8.712084315936405,4,Home Decor,Yes,884.3,mobile,2024-02-10,2024-12-28
U1001,60.0,FeMale,nan,4.350136371537776,7,nan,no,,Tablet,2023-06-09,2024-06-30
U1002,50.0,FEMALE,Canada,0.31035701517362746,2,Clothes,yes,1130.35,MOBILE,2024-04-22,2025-01-07
U1003,44.0,FEMALE,Canada,19.06393061530035,4,Electronics,No,0.0,MOBILE,,2024-09-22
U1004,24.0,FeMale,nan,6.173067150609011,5,Groceries,NO,,Mobile,2023-09-01,2024-11-23
U1005,24.0,male,India,-2.223124743619863,5,Home Decor,YES,724.85,mobile,2024-04-07,2025-04-04
U1006,20.0,Male,USA,18.108628836247714,1,Groceries,NO,0.0,mobile,2024-02-09,2025-04-07
U1007,56.0,Male,UK,34.94399613946233,5,Home Decor,NO,,Mobile,2022-08-01,2025-03-18
U1008,44.0,Female,Brazil,14.951432707680853,3,nan,NO,0.0,MOBILE,2024-02-10,2024-08-28
U1009,49.0,FEMALE,India,21.707926195613133,4,cloths,No,,Desktop,2024-03-09,2024-08-05
U1010,18.0,Female,UK,15.65463486838052,2,Books,Yes,1200.94,Tab,2022-08-19,2025-02-14
U1011,-1.0,Male,USA,14.208882774470858,5,nan,No,0.0,Desktop,2024-04-21,2025-05-19
U1012,55.0,Male,USA,22.352611863902148,8,Groceries,yes,904.38,MOBILE,2022-11-06,2025-01-23
U1013,27.0,Male,Germany,12.677803646490789,4,Groceries,YES,691.06,nan,2024-04-13,2025-03-15
U1014,26.0,male,Brazil,,9,Groceries,yes,963.0,mobile,2024-03-15,2024-10-21
U1015,26.0,FEMALE,Brazil,17.573582449568107,3,Books,nan,,Desktop,2023-12-16,2024-09-22
U1016,31.0,male,India,9.65527637085561,3,Electronics,Yes,1092.71,Tablet,2022-12-21,2024-08-05
U1017,41.0,male,Canada,22.936338796292183,0,Home Decor,NO,,Tablet,2023-12-25,2024-06-28
U1018,37.0,femle,USA,13.60032194643673,4,nan,NO,0.0,Mobile,2022-08-30,2025-05-19
U1019,31.0,male,India,8.954038724057241,4,nan,nan,0.0,MOBILE,2023-05-14,2024-09-18
U1020,45.0,male,Canada,19.292078748563227,1,cloths,nan,,MOBILE,2023-06-23,2025-04-08
U1021,24.0,Female,nan,7.812256145671702,3,Groceries,NO,0.0,Desktop,2022-10-03,2024-12-29
U1022,31.0,male,Canada,15.225449258953025,4,electronic,Yes,911.66,mobile,2023-04-27,2024-10-19
U1023,34.0,FEMALE,UK,14.927048026846371,7,nan,yes,1435.83,MOBILE,2023-01-12,2024-10-18
U1024,38.0,FeMale,Brazil,23.687164526652623,4,Books,Yes,1458.62,Desktop,2022-10-26,2024-09-11
U1025,53.0,femle,Brazil,18.79758586303962,3,Electronics,yes,975.69,Desktop,2024-05-26,2025-03-26
U1026,26.0,Male,India,14.799784330038849,1,nan,no,0.0,Tab,2023-05-19,2024-10-31
U1027,41.0,femle,Germany,21.542130393602296,5,Home Decor,No,0.0,Tab,2022-11-25,2024-11-09
U1028,44.0,male,USA,26.12166039213851,7,Books,NO,0.0,MOBILE,2023-03-19,2024-09-05
U1029,20.0,Male,USA,19.462482450814896,4,cloths,No,0.0,Desktop,2023-04-14,2024-09-04
U1030,45.0,male,UK,15.082820958747044,4,cloths,No,0.0,Mobile,2023-08-01,2024-06-17
U1031,25.0,nan,Germany,4.5053101411987235,1,Home Decor,No,,Mobile,2024-02-20,2025-01-02
U1032,20.0,male,India,,8,Groceries,yes,1116.88,Tab,2023-05-25,
U1033,60.0,male,USA,12.558202365162659,4,cloths,no,0.0,MOBILE,2023-01-11,2024-09-20
U1034,-1.0,FEMALE,Brazil,10.123902382725735,1,Electronics,no,0.0,mobile,2024-02-23,2024-07-08
U1035,54.0,Male,India,13.504229576116431,1,Books,Yes,333.87,nan,2022-10-09,2024-08-12
U1036,31.0,Male,Canada,15.453199399176857,2,nan,yes,1086.03,Mobile,2022-08-31,2025-01-12
U1037,22.0,Male,Germany,19.237542034853846,4,Electronics,yes,955.84,Mobile,2024-02-04,2025-04-23
U1038,48.0,Male,Germany,14.436009775527271,0,Groceries,No,,Tab,2024-03-17,2025-02-09
U1039,37.0,Male,Brazil,,7,Electronics,Yes,1557.38,Tab,2023-02-23,2025-03-15
U1040,23.0,Male,UK,15.515795318480961,4,Electronics,No,0.0,MOBILE,2023-02-01,2024-06-20
U1041,40.0,FEMALE,USA,-0.8037325308309704,7,Clothes,no,0.0,Tab,2023-10-08,2024-07-01
U1042,19.0,Male,Brazil,7.485316849449966,6,Electronics,NO,0.0,Tablet,2023-05-23,2024-07-25
U1043,58.0,male,Brazil,13.847299554227076,5,Home Decor,yes,1291.24,nan,2024-05-17,2024-11-10
U1044,29.0,FeMale,USA,5.3224420572711395,7,Books,No,0.0,Desktop,2023-08-03,2024-09-06
U1045,47.0,male,Canada,19.799429839969637,6,Clothes,yes,799.37,Mobile,2023-06-16,2025-05-02
U1046,31.0,FEMALE,UK,27.24600665874958,8,Books,Yes,932.61,Tablet,2023-08-06,2024-11-06
U1047,41.0,Male,Brazil,24.750094813578535,4,Books,No,0.0,mobile,2024-02-16,2024-08-20
U1048,42.0,Male,Canada,13.292457032558335,2,Groceries,NO,,Tablet,2023-03-28,2024-06-28
U1049,26.0,Male,Canada,26.925809094799618,8,Groceries,Yes,736.76,MOBILE,,2025-05-14
U1050,-1.0,Male,UK,16.18933965761689,6,Clothes,yes,278.64,mobile,2024-04-29,2024-10-14
U1051,52.0,Male,UK,12.303312231055685,2,cloths,Yes,1093.8,mobile,2024-03-09,2024-06-10
U1052,60.0,Male,Brazil,10.092778691672482,5,electronic,NO,0.0,Tab,2022-11-26,
U1053,58.0,Male,Brazil,12.580242508094972,4,Groceries,No,0.0,Tablet,2024-05-05,
U1054,44.0,Male,Brazil,11.89458545167017,3,electronic,YES,1534.74,MOBILE,2024-05-10,
U1055,59.0,male,UK,16.3633297790039,4,Groceries,Yes,787.93,Mobile,2023-02-27,2024-08-06
U1056,21.0,Male,India,16.284591848398918,3,Groceries,Yes,1156.45,nan,2022-09-08,2025-02-12
U1057,26.0,male,Canada,,3,Books,no,0.0,Tab,2024-05-21,
U1058,20.0,male,Canada,18.4955053579708,6,Clothes,No,0.0,Tablet,2022-10-16,2025-02-10
U1059,32.0,FEMALE,India,24.52517019829073,3,Books,yes,705.67,Mobile,2023-02-07,2025-04-24
U1060,35.0,Male,UK,22.59643308353059,3,nan,nan,0.0,Tablet,2023-02-12,2024-07-08
U1061,30.0,Female,India,3.120816252400772,3,Home Decor,Yes,750.91,Tab,2023-02-04,
U1062,55.0,FEMALE,USA,-5.0,5,Books,No,0.0,Mobile,2024-05-05,
U1063,33.0,Male,UK,22.47455928991419,3,electronic,NO,,Tab,2023-12-12,2025-01-16
U1064,30.0,FeMale,India,4.064970412676631,4,electronic,nan,0.0,Tablet,2023-02-02,2024-12-20
U1065,42.0,femle,UK,13.201876784858532,3,Home Decor,no,0.0,mobile,2023-12-04,2024-07-15
U1066,24.0,Male,UK,5.639095791525124,3,Electronics,YES,1479.5,nan,2024-05-29,
U1067,53.0,Male,Germany,0.5841564993598425,6,Electronics,yes,1220.06,Desktop,2022-08-13,
U1068,21.0,FeMale,India,19.331701825638305,4,Home Decor,Yes,1002.64,nan,2022-11-26,2024-10-29
U1069,,Female,USA,21.073241282421176,7,Home Decor,nan,0.0,mobile,2023-06-12,
U1070,52.0,Male,Brazil,10.387916794186244,0,Books,nan,0.0,Tab,2023-03-20,2024-07-19
U1071,26.0,Male,nan,-5.0,6,Home Decor,Yes,928.7,nan,2022-09-04,2024-06-03
U1072,18.0,male,Brazil,10.630044413980137,3,nan,No,,Tab,2022-07-06,2025-01-14
U1073,54.0,male,USA,18.13443204322037,4,Clothes,Yes,1012.83,Tab,2024-03-08,2025-01-01
U1074,49.0,FEMALE,Brazil,3.16870744980697,3,Electronics,No,0.0,Mobile,2024-05-14,2024-11-10
U1075,50.0,male,Germany,16.466879358233246,5,Electronics,yes,1148.25,MOBILE,2024-01-29,2025-04-05
U1076,52.0,male,UK,14.877521206616036,3,nan,No,,Tab,2024-01-27,2025-01-02
U1077,21.0,Female,India,19.634331996808708,2,cloths,Yes,857.75,nan,,2024-11-28
U1078,34.0,Male,UK,15.956642947313226,1,nan,No,0.0,nan,2022-07-30,
U1079,23.0,Male,Germany,7.215448472947556,4,nan,nan,0.0,nan,2024-01-16,2024-06-18
U1080,56.0,Female,nan,24.57257201331593,9,Home Decor,NO,0.0,mobile,2023-02-24,2024-12-11
U1081,45.0,FeMale,USA,13.73176341578424,2,Groceries,No,0.0,Desktop,2023-07-26,2025-02-17
U1082,32.0,male,Brazil,14.781563683920545,6,Groceries,Yes,1056.76,Tab,2024-04-21,2025-03-10
U1083,20.0,male,Canada,7.533856327414432,5,nan,nan,0.0,Tab,2023-12-17,2025-01-01
U1084,31.0,Male,India,11.453741990467918,3,Home Decor,yes,690.41,Tab,2023-04-12,2024-10-10
U1085,32.0,male,Canada,7.921578287784793,3,Clothes,No,0.0,Mobile,2023-10-27,2024-08-14
U1086,50.0,male,Brazil,13.616431520612617,2,Groceries,Yes,867.92,Tab,2022-06-16,2024-11-09
U1087,46.0,Male,India,28.693667841138748,4,cloths,Yes,1147.32,mobile,,2024-08-17
U1088,57.0,Male,USA,4.024790856549149,3,electronic,Yes,1296.6,Tablet,2022-10-24,2024-09-28
U1089,39.0,male,UK,2.091508816986071,1,Home Decor,YES,1152.55,MOBILE,2024-05-21,2024-09-15
U1090,23.0,Male,India,26.76936261994887,5,nan,no,,nan,2023-01-29,2024-10-06
U1091,49.0,male,Brazil,13.325410582785072,4,Clothes,No,0.0,Tab,2024-03-17,2025-03-03
U1092,52.0,Male,USA,9.647418090720667,7,Clothes,yes,943.39,Mobile,2023-09-27,2024-06-10
U1093,43.0,male,Brazil,23.31923749916861,4,Books,No,0.0,mobile,2022-11-13,2024-11-27
U1094,52.0,Male,India,,7,Clothes,yes,1219.3,Tab,2023-10-13,2024-12-04
U1095,40.0,FeMale,Canada,29.60807770837549,4,Groceries,yes,1161.53,Mobile,2023-06-22,2024-07-07
U1096,41.0,FEMALE,nan,20.423406970714154,3,nan,Yes,1214.72,Tablet,2024-05-24,2024-10-25
U1097,37.0,FEMALE,nan,11.09670873483438,0,electronic,No,0.0,Desktop,2022-12-27,
U1098,19.0,Female,UK,32.25846570612403,4,Groceries,NO,0.0,Tab,2024-03-17,2024-11-11
U1099,22.0,male,India,10.154280615973292,1,Home Decor,Yes,1718.31,mobile,2024-03-06,2024-08-30
U1100,19.0,Male,UK,20.936762976074455,3,electronic,No,0.0,Mobile,2023-10-17,2024-08-28
U1101,46.0,male,India,17.394340643251937,3,Home Decor,YES,1274.97,Mobile,2022-07-31,2025-05-08
U1102,32.0,FEMALE,India,25.413930315190385,2,Clothes,nan,,Tab,2022-12-02,2024-08-01
U1103,40.0,Female,USA,27.492089573814823,5,cloths,No,0.0,Mobile,,2025-04-20
U1104,58.0,male,Germany,15.256033192526132,5,Electronics,yes,1617.18,Desktop,2022-07-16,2024-10-04
U1105,29.0,Male,UK,,5,electronic,No,0.0,Mobile,2022-11-10,2024-11-03
U1106,36.0,Male,Brazil,18.679777143512933,3,nan,yes,948.88,nan,2024-04-08,2025-02-08
U1107,51.0,male,Germany,9.578277041983151,4,Books,YES,756.15,MOBILE,2024-03-23,2024-08-01
U1108,28.0,FEMALE,USA,31.107097980212984,0,Electronics,yes,1248.42,nan,2023-08-13,2025-05-05
U1109,21.0,FEMALE,nan,16.0922826486619,3,Clothes,No,,MOBILE,2023-03-25,2024-07-10
U1110,30.0,male,Germany,12.077427589503131,3,Clothes,NO,0.0,Mobile,2022-08-10,2024-11-14
U1111,25.0,nan,Germany,16.477442446919266,8,nan,NO,0.0,Tab,2023-08-11,2024-07-06
U1112,59.0,FEMALE,India,4.222989683762428,4,Electronics,No,0.0,MOBILE,2023-04-13,2025-05-22
U1113,54.0,Male,UK,7.227087691914788,4,Books,Yes,1321.32,mobile,2023-05-05,2025-01-16
U1114,46.0,Male,Brazil,24.603311263555405,4,electronic,Yes,1336.56,MOBILE,2023-11-29,2024-07-10
U1115,57.0,Male,USA,9.744845768228835,2,electronic,Yes,944.0,nan,2022-10-09,
U1116,53.0,Male,India,6.624712138544483,5,Electronics,yes,1218.72,Mobile,2024-03-30,2025-05-28
U1117,26.0,Male,Brazil,19.293222020218288,2,Home Decor,Yes,1105.35,Tab,2022-07-25,2025-04-25
U1118,57.0,Male,Brazil,24.485633237303976,5,Groceries,Yes,1102.5,Tablet,2024-02-29,2024-07-19
U1119,42.0,Male,USA,20.751626485320536,3,cloths,yes,918.61,Tab,2023-07-26,
U1120,54.0,Male,nan,22.968381486446532,4,Home Decor,No,0.0,Tab,2023-06-21,2024-09-11
U1121,58.0,FeMale,India,8.945639291444314,6,electronic,YES,902.28,Tab,2024-05-13,
U1122,32.0,Male,Germany,3.62551466606525,3,Groceries,Yes,1222.16,mobile,2023-06-26,2025-02-27
U1123,22.0,male,Canada,27.010669215643894,9,cloths,nan,0.0,Desktop,2022-12-15,2024-08-11
U1124,28.0,male,Germany,12.418561289262914,4,cloths,yes,1212.81,nan,2023-09-01,2025-03-23
U1125,37.0,nan,Brazil,12.99333586835962,4,cloths,yes,1005.84,Mobile,2022-11-27,2024-09-19
U1126,54.0,Male,USA,25.62555313479246,1,Clothes,No,0.0,Desktop,2023-09-15,2025-05-17
U1127,56.0,male,USA,19.44984007520528,7,nan,yes,1281.99,Tablet,2022-08-28,2025-04-01
U1128,18.0,nan,nan,18.64710217665286,4,cloths,Yes,883.14,Desktop,2022-12-13,2025-02-23
U1129,40.0,FeMale,Germany,32.32001875920867,4,Books,Yes,618.89,Mobile,2023-09-16,2024-08-01
U1130,36.0,FeMale,Canada,9.851854156958856,4,Electronics,Yes,868.32,nan,2023-12-11,2025-01-17
U1131,27.0,Male,USA,22.422721024649896,3,electronic,YES,429.38,nan,2023-02-12,2025-04-27
U1132,23.0,Male,USA,15.456104999176675,1,Books,No,,Mobile,2024-01-29,2024-12-19
U1133,33.0,FEMALE,India,17.148738230906055,3,Electronics,YES,625.03,Tablet,2022-06-14,2024-08-01
U1134,60.0,femle,Brazil,27.227747411300253,9,Home Decor,Yes,1009.42,Mobile,2023-12-15,2025-05-16
U1135,32.0,FEMALE,USA,19.06268605031699,2,nan,No,,Tablet,2023-08-21,2024-07-12
U1136,41.0,FEMALE,Canada,19.306368632397064,7,Home Decor,yes,1482.27,Tablet,2022-11-30,2024-11-17
U1137,49.0,Male,Germany,23.580058698478418,2,Electronics,No,0.0,Mobile,2023-11-03,2024-06-11
U1138,34.0,Female,nan,12.080378163656917,5,Books,yes,646.32,MOBILE,2024-05-05,2025-04-22
U1139,150.0,Male,India,8.286322661287949,0,Electronics,Yes,934.1,nan,2024-05-01,2024-11-30
U1140,-1.0,male,Canada,6.6415264478317315,3,cloths,yes,1182.86,Tablet,2023-07-04,2025-01-19
U1141,29.0,male,UK,-0.7308527150080142,9,Clothes,YES,533.39,Mobile,2023-09-29,2024-10-29
U1142,40.0,male,UK,31.449657039522577,6,electronic,Yes,1060.25,MOBILE,2023-10-26,2025-03-27
U1143,31.0,Male,UK,6.174333074226535,8,Home Decor,Yes,1030.24,nan,2022-12-28,2025-03-06
U1144,30.0,Male,UK,13.229971011313824,5,electronic,NO,,Tablet,2023-01-26,2024-12-13
U1145,19.0,FEMALE,Brazil,12.785493600888636,5,Clothes,yes,1463.11,nan,2023-01-25,
U1146,45.0,Male,India,17.459253582472805,5,cloths,No,0.0,MOBILE,2022-10-30,2024-06-05
U1147,40.0,FEMALE,India,21.525897700314374,2,cloths,No,0.0,nan,2023-11-19,2025-05-29
U1148,20.0,Male,Canada,21.883787906877963,9,Home Decor,yes,1025.62,mobile,2022-07-23,2025-04-01
U1149,30.0,male,Brazil,,5,Home Decor,NO,0.0,Tab,2023-07-01,2024-06-29
U1150,58.0,male,UK,13.663026289708707,1,cloths,No,0.0,mobile,,2025-04-25
U1151,28.0,Male,Germany,17.260639603906398,4,Groceries,No,0.0,MOBILE,2022-09-29,2024-06-16
U1152,24.0,male,India,13.010470990531623,5,electronic,Yes,1286.89,Tablet,2022-08-03,
U1153,39.0,Male,India,27.85876460815994,3,nan,NO,,Mobile,2024-03-08,2025-01-18
U1154,,Male,Brazil,18.92779961310601,5,Clothes,No,0.0,Desktop,2022-06-10,2024-12-14
U1155,28.0,nan,Germany,20.879022288398538,3,electronic,nan,0.0,Mobile,2023-09-23,2024-07-02
U1156,48.0,male,USA,20.303050149339303,4,Clothes,No,0.0,nan,2023-04-19,2025-05-10
U1157,52.0,FeMale,Germany,24.3877908598826,3,Groceries,No,,Desktop,2022-12-07,2025-05-17
U1158,28.0,Male,India,16.448172469629654,1,nan,YES,1697.4,Desktop,2023-09-17,2024-09-06
U1159,50.0,FEMALE,Brazil,4.625344416353228,5,Books,no,,nan,2023-02-23,2024-11-02
U1160,34.0,Female,USA,18.197503614021134,3,Clothes,yes,453.77,nan,2024-03-11,2024-12-19
U1161,46.0,FEMALE,UK,9.789144849665368,2,electronic,No,,Tablet,,2025-04-13
U1162,46.0,male,USA,10.771066546001945,2,Electronics,yes,788.27,MOBILE,2023-05-19,2025-04-14
U1163,41.0,male,Germany,19.690912150040745,4,nan,YES,1135.62,Mobile,2023-08-28,2024-10-07
U1164,22.0,male,India,24.906264571469087,2,cloths,No,0.0,MOBILE,2024-03-06,2024-07-23
U1165,55.0,femle,India,15.170172613888493,4,cloths,Yes,637.24,mobile,2023-12-31,2025-03-08
U1166,32.0,FeMale,USA,17.47066410079171,3,Groceries,No,0.0,Tablet,2023-03-04,2025-03-24
U1167,26.0,nan,Germany,28.617719557081905,2,Clothes,Yes,617.1,Tablet,2023-12-08,2025-03-05
U1168,19.0,Male,Brazil,16.926025435908546,3,Books,no,0.0,mobile,2023-01-02,2025-05-05
U1169,44.0,Female,USA,35.813464913443156,10,Clothes,No,,Mobile,2023-01-04,
U1170,48.0,femle,Brazil,19.524077165052354,4,cloths,nan,0.0,Tab,2023-12-31,2025-01-31
U1171,18.0,Male,Canada,0.9138979267534584,5,Home Decor,YES,750.93,mobile,2023-02-20,2024-10-21
U1172,40.0,Male,UK,21.02673296883626,3,Electronics,NO,,Mobile,2024-01-06,2024-06-15
U1173,28.0,Female,India,,4,nan,YES,1017.28,Desktop,2023-03-20,
U1174,46.0,FEMALE,Germany,25.318022032661965,4,Groceries,Yes,798.44,nan,2022-06-06,2025-05-20
U1175,25.0,FeMale,India,20.385450810159668,3,Home Decor,No,0.0,Tablet,2023-08-24,2024-09-09
U1176,48.0,Male,USA,13.89235212812981,6,electronic,Yes,1308.63,Mobile,2022-10-08,2024-09-11
U1177,35.0,Female,nan,5.205614109685074,3,Books,NO,0.0,MOBILE,2023-06-06,2024-08-31
U1178,59.0,Male,India,13.327813941711797,5,Home Decor,No,,nan,2024-05-15,2024-08-12
U1179,24.0,Male,Germany,,3,electronic,yes,1150.51,MOBILE,2022-12-26,2025-03-12
U1180,33.0,Male,Brazil,10.355812401562218,0,Home Decor,Yes,1120.07,nan,2023-07-14,2024-11-01
U1181,23.0,FeMale,UK,19.708627235364876,6,Books,Yes,1060.5,Tablet,2023-04-22,2024-11-10
U1182,59.0,FEMALE,Brazil,28.35923603481125,3,nan,No,0.0,mobile,2022-09-01,2025-02-23
U1183,57.0,male,India,18.15737223858385,2,Home Decor,no,0.0,Tab,2022-08-19,2025-05-22
U1184,29.0,male,USA,5.432935503718525,5,Groceries,yes,677.89,mobile,2024-01-15,2024-08-26
U1185,47.0,FeMale,Germany,18.556821345761126,6,cloths,No,0.0,Mobile,2024-01-26,2025-05-04
U1186,54.0,male,India,,1,Clothes,YES,1024.32,mobile,2024-01-31,2024-10-04
U1187,42.0,FeMale,USA,10.121736765444943,6,Home Decor,Yes,1701.74,Tablet,2024-01-06,2024-07-01
U1188,41.0,male,India,13.927862666616658,2,Groceries,nan,0.0,Mobile,2022-07-05,2024-06-15
U1189,28.0,male,India,15.117505557833576,2,Clothes,NO,0.0,Desktop,2023-08-20,2024-07-21
U1190,22.0,male,USA,8.72081349534208,2,nan,No,0.0,mobile,2024-01-27,2025-02-24
U1191,58.0,male,India,20.186243470750874,3,electronic,YES,899.77,mobile,2023-01-08,2024-09-19
U1192,58.0,Female,Brazil,14.032414811137748,4,Clothes,Yes,959.75,Tab,2023-10-10,2024-10-26
U1193,46.0,male,Brazil,18.356259551256223,3,electronic,nan,0.0,Mobile,2022-09-18,2024-09-27
U1194,33.0,Male,UK,7.900062577583199,3,Home Decor,Yes,1155.81,MOBILE,2024-03-20,2025-01-03
U1195,33.0,FeMale,USA,11.500333597412716,1,Groceries,NO,,mobile,2022-06-24,2025-01-18
U1196,50.0,male,India,20.77905086262217,4,cloths,Yes,525.27,Tablet,2023-05-20,2025-02-27
U1197,58.0,male,India,12.017334783265865,7,Home Decor,yes,1245.05,mobile,2022-06-16,2025-03-23
U1198,57.0,femle,Brazil,,6,electronic,yes,585.82,Tab,2022-07-13,2025-05-04
U1199,52.0,FEMALE,UK,11.80291051508318,6,Books,NO,,Desktop,2024-01-26,2024-07-17
U1200,46.0,Male,India,16.797477806015088,5,Clothes,NO,0.0,Tab,2022-08-22,2024-06-25
U1201,21.0,femle,Canada,22.460726654984718,3,Home Decor,yes,869.15,mobile,2023-04-11,2025-05-04
U1202,25.0,FEMALE,India,3.6530741365357464,2,electronic,Yes,922.71,MOBILE,2024-01-17,2024-10-09
U1203,58.0,male,Germany,0.913529504153793,5,nan,No,0.0,nan,2023-05-25,2025-03-18
U1204,45.0,Male,UK,2.794749483439242,6,Clothes,Yes,979.11,mobile,2024-02-16,2024-11-10
U1205,18.0,Female,Canada,25.100672827417455,0,nan,nan,,Mobile,2023-04-24,2024-07-27
U1206,22.0,FEMALE,UK,10.585134832860426,6,electronic,No,0.0,mobile,2022-08-20,2025-04-05
U1207,47.0,male,UK,35.465594285346015,3,Groceries,yes,984.86,MOBILE,2023-09-07,2024-12-27
U1208,18.0,FeMale,USA,10.486019210740892,4,Electronics,NO,0.0,Mobile,2023-06-04,2024-08-26
U1209,25.0,Female,UK,16.476410425576297,4,nan,Yes,751.15,Tablet,,2024-12-24
U1210,42.0,Male,India,27.336879620543005,3,Home Decor,Yes,1044.88,Mobile,2023-01-05,2024-12-20
U1211,48.0,male,Canada,31.048743105272983,10,cloths,No,,Tab,2023-01-21,2024-07-08
U1212,47.0,Male,Germany,31.492028613091183,1,Home Decor,No,0.0,Desktop,2023-11-15,2024-09-25
U1213,28.0,Female,UK,24.66692984474514,5,Clothes,Yes,1029.35,Tab,2024-05-07,2024-08-18
U1214,49.0,Male,Germany,23.1925002064917,2,Groceries,Yes,1117.79,nan,2023-10-31,2025-03-24
U1215,28.0,FEMALE,Brazil,19.740215593609463,2,electronic,yes,1136.08,Mobile,2023-07-19,2024-08-29
U1216,32.0,Female,Germany,21.226888609333102,3,Books,nan,0.0,Tablet,2022-07-14,2025-02-15
U1217,51.0,FeMale,UK,10.590514269371733,7,cloths,No,0.0,mobile,2024-04-08,2024-08-05
U1218,47.0,male,India,8.454408932621543,1,Groceries,No,,Mobile,2022-10-15,2024-07-12
U1219,56.0,FeMale,India,14.973004340712384,2,nan,Yes,866.6,Tab,2023-07-30,2024-06-02
U1220,47.0,Male,USA,13.638523019800573,4,nan,NO,0.0,Mobile,2022-11-22,2024-08-05
U1221,43.0,FeMale,India,11.374175605381799,6,Home Decor,yes,832.57,Mobile,2022-06-14,
U1222,22.0,Male,Canada,20.571099579653723,1,Books,Yes,827.77,Mobile,2023-09-28,
U1223,34.0,male,USA,22.642441668564086,4,Groceries,Yes,1160.92,Tablet,2022-06-07,2024-07-29
U1224,29.0,Female,nan,15.70725509033478,6,Electronics,yes,1310.16,MOBILE,2022-12-18,2024-12-04
U1225,28.0,Male,USA,26.820240648442095,3,cloths,NO,0.0,MOBILE,2024-02-06,2025-05-08
U1226,150.0,Male,India,5.86648708693196,5,Clothes,Yes,877.76,Mobile,2024-05-11,2024-08-17
U1227,35.0,Female,UK,13.450724325762256,3,Groceries,NO,,Tablet,,
U1228,57.0,Female,Brazil,9.265421435177561,4,Groceries,No,,Tablet,2024-05-17,2025-05-21
U1229,46.0,FEMALE,Germany,0.06770706341552035,6,Electronics,No,0.0,nan,2022-09-25,2025-04-15
U1230,53.0,FEMALE,Brazil,14.338554513258407,2,Home Decor,yes,962.71,Mobile,2023-04-02,2024-12-28
U1231,40.0,male,UK,14.026019932933732,3,electronic,yes,936.58,Tab,2022-09-27,2024-08-24
U1232,43.0,Male,USA,,3,electronic,No,0.0,Tab,2024-05-02,2024-10-23
U1233,40.0,male,nan,20.046493476438222,4,cloths,no,,Desktop,2024-01-05,2024-06-06
U1234,26.0,Male,nan,6.8065054053663605,9,cloths,No,0.0,Mobile,2024-01-06,
U1235,50.0,femle,Brazil,29.832740530673505,6,Clothes,yes,633.35,Desktop,2022-10-31,2024-11-14
U1236,30.0,FEMALE,India,24.768269564202825,6,Groceries,No,,Tab,2023-05-16,2024-06-22
U1237,19.0,male,Brazil,19.656781627748927,5,Books,yes,1125.91,Tab,2023-02-28,2025-03-25
U1238,46.0,male,India,13.188127209201344,1,Groceries,no,,Mobile,2022-10-18,2024-07-08
U1239,25.0,femle,India,7.324486106212162,0,electronic,Yes,988.23,Desktop,2024-05-01,2024-06-04
U1240,60.0,Male,USA,12.022345791431576,9,Clothes,no,0.0,Desktop,2024-05-25,2024-09-12
U1241,60.0,FEMALE,Germany,23.709988957633488,2,Groceries,yes,473.56,Mobile,2024-02-28,2024-12-29
U1242,58.0,male,Canada,,5,Electronics,yes,1041.21,nan,2023-01-27,2024-10-17
U1243,34.0,FEMALE,UK,,4,electronic,Yes,1875.45,Desktop,2023-01-30,2025-05-25
U1244,18.0,Male,UK,11.089204625709808,2,Groceries,yes,944.76,nan,2024-04-22,2025-06-01
U1245,59.0,FeMale,Germany,6.04306053368791,4,Groceries,yes,660.95,mobile,2022-10-26,2024-12-22
U1246,37.0,femle,USA,16.127089975289632,0,electronic,No,0.0,Tab,2023-09-13,2025-04-10
U1247,-1.0,FEMALE,USA,0.8524850754971869,3,Books,nan,0.0,MOBILE,2023-12-03,2024-12-15
U1248,-1.0,FEMALE,nan,17.58534171347825,3,electronic,Yes,972.41,nan,2024-04-04,2024-08-14
U1249,56.0,femle,India,13.81917930961065,4,Electronics,Yes,1004.81,nan,2024-01-11,2025-05-09
U1250,31.0,Female,Canada,11.271707985054062,2,Electronics,YES,1238.38,nan,2023-12-18,2024-11-19
U1251,35.0,Male,Brazil,2.2423754618656364,1,Groceries,YES,1292.09,Tablet,2023-10-16,
U1252,56.0,FEMALE,Germany,19.10880085255773,0,cloths,NO,0.0,Desktop,2024-01-19,2024-10-04
U1253,32.0,FEMALE,UK,10.73839328270471,2,Books,Yes,702.39,Desktop,2023-06-28,2025-02-23
U1254,25.0,male,Germany,5.640665314317696,6,Groceries,nan,0.0,Tablet,2023-08-25,2024-09-05
U1255,42.0,Female,Canada,-5.0,3,electronic,Yes,833.89,Desktop,2024-04-01,2025-01-03
U1256,59.0,femle,Canada,14.77988075959491,4,Groceries,Yes,875.61,Tablet,2023-11-26,2024-09-20
U1257,49.0,femle,Germany,29.178012773357953,4,Clothes,Yes,701.45,nan,2022-09-30,2025-02-01
U1258,43.0,male,USA,28.29007371638296,2,Clothes,YES,1164.9,Mobile,2023-09-23,2025-04-11
U1259,22.0,Male,Brazil,11.343229947309826,3,cloths,no,0.0,mobile,2023-07-28,2025-03-03
U1260,45.0,nan,Canada,10.182303517105755,3,Books,NO,0.0,nan,2022-09-25,2024-08-16
U1261,,FeMale,USA,18.75019404860019,4,Home Decor,yes,1540.43,mobile,2023-09-21,2025-01-14
U1262,24.0,Male,Brazil,7.012916486493668,4,nan,Yes,962.53,Tab,2023-12-16,2024-08-14
U1263,41.0,femle,Brazil,17.414335198555726,1,Clothes,YES,1004.71,nan,,
U1264,57.0,FeMale,UK,21.12864222707752,5,Home Decor,No,0.0,MOBILE,2022-09-27,2024-12-12
U1265,51.0,male,India,24.81546579107446,3,Electronics,No,,Desktop,2023-04-22,2025-01-08
U1266,49.0,FEMALE,UK,14.198767388160377,6,Clothes,Yes,1065.6,MOBILE,2023-01-19,2024-09-14
U1267,49.0,male,Canada,13.370609998584273,3,Clothes,NO,,Mobile,2023-01-03,2024-09-22
U1268,34.0,Male,India,7.976139305947512,8,Books,YES,866.1,mobile,2022-11-11,2024-06-22
U1269,31.0,male,USA,8.384957167681119,4,cloths,yes,763.76,nan,2023-03-27,2025-02-07
U1270,54.0,FeMale,nan,13.188168864787785,8,Home Decor,No,0.0,Mobile,2023-11-25,
U1271,54.0,Male,India,17.938924054529423,4,electronic,Yes,581.69,Mobile,2024-04-06,2024-08-17
U1272,56.0,male,Canada,22.308677009865995,4,Clothes,NO,,Desktop,2023-02-14,2024-06-10
U1273,58.0,male,Germany,8.574568394557241,5,Clothes,Yes,1076.33,Mobile,2023-07-28,2024-11-12
U1274,40.0,male,USA,26.941508551676172,5,Books,yes,813.47,nan,2023-07-08,2025-05-14
U1275,40.0,femle,Canada,12.83101119165945,4,Books,NO,0.0,nan,2023-07-14,
U1276,53.0,male,Germany,14.82906164521251,2,cloths,Yes,809.38,mobile,2023-03-01,
U1277,47.0,male,Germany,9.022306566817413,3,Home Decor,nan,0.0,nan,2024-01-07,2024-06-01
U1278,49.0,Female,USA,-4.393922082183533,5,Electronics,YES,987.61,MOBILE,2023-12-12,2024-07-01
U1279,53.0,male,Brazil,22.072363170888398,0,electronic,Yes,931.59,mobile,2023-01-25,2025-02-24
U1280,57.0,Male,India,20.89475117673947,2,cloths,NO,0.0,Desktop,2023-12-01,2024-12-21
U1281,33.0,male,USA,12.749379543054292,4,nan,No,0.0,mobile,2024-02-20,2025-01-03
U1282,34.0,Male,nan,15.535925737798975,4,Electronics,yes,1431.65,Tablet,2022-08-22,2024-09-09
U1283,22.0,Male,USA,19.127513741632796,3,Groceries,yes,1130.7,MOBILE,2022-07-17,2024-09-12
U1284,43.0,male,Brazil,2.4996331449076585,4,Clothes,nan,0.0,Tablet,2023-05-29,
U1285,19.0,male,USA,10.767578581229643,9,Home Decor,YES,1186.02,Tablet,2023-05-04,2024-06-22
U1286,38.0,femle,UK,21.35411743697462,0,cloths,No,0.0,Tab,2024-04-01,2024-11-28
U1287,42.0,male,India,4.965684614646005,4,Clothes,yes,1079.17,nan,2023-07-12,2024-06-26
U1288,30.0,FEMALE,nan,,0,Home Decor,Yes,953.34,Desktop,2022-06-05,2024-09-17
U1289,44.0,FEMALE,Germany,4.14734556301276,5,Home Decor,YES,1300.04,Mobile,2023-05-22,
U1290,19.0,Male,USA,18.73143985946821,4,Home Decor,YES,1731.17,Tablet,2024-01-30,2025-05-19
U1291,19.0,FEMALE,India,14.714868141620132,4,Clothes,Yes,487.25,mobile,2023-12-24,2025-02-28
U1292,54.0,Male,India,2.0789454727559242,3,cloths,No,,Mobile,2022-09-13,2024-07-11
U1293,34.0,nan,Germany,24.31791483565737,5,electronic,yes,1368.93,mobile,2022-10-03,2025-03-21
U1294,23.0,Male,USA,9.123267385615605,4,Books,yes,692.24,mobile,2023-09-06,2025-03-26
U1295,41.0,male,UK,8.517980503884953,2,Clothes,Yes,1018.7,Mobile,2024-03-11,2025-02-14
U1296,52.0,Male,Germany,16.604553577847543,7,nan,Yes,1032.15,Mobile,2023-09-26,2024-10-26
U1297,27.0,nan,USA,24.18909879542972,5,Home Decor,No,,nan,2023-11-19,2025-05-17
U1298,45.0,male,Brazil,6.873425448172824,2,cloths,yes,676.45,mobile,2022-07-14,
U1299,21.0,FEMALE,UK,15.493438798783773,8,electronic,Yes,1228.01,Desktop,2024-03-05,2024-12-25
U1300,20.0,Male,India,18.430532002644583,1,Groceries,yes,881.75,nan,2023-09-12,2024-09-29
U1301,41.0,Female,India,20.54484485810515,4,nan,Yes,767.71,MOBILE,2022-09-09,2024-10-24
U1302,42.0,Male,India,16.4115324422178,4,Electronics,NO,0.0,Tab,2023-05-19,2024-11-02
U1303,46.0,FeMale,UK,12.063777287333421,1,nan,No,0.0,MOBILE,2024-05-21,2025-05-28
U1304,50.0,Male,Brazil,8.379278234810243,3,Home Decor,yes,1243.26,Desktop,2023-10-24,2025-02-14
U1305,150.0,Male,Germany,15.689151064370998,3,Groceries,Yes,746.7,nan,2022-07-17,2025-03-18
U1306,41.0,Male,UK,6.422887904115145,6,Books,NO,0.0,Tab,,
U1307,32.0,male,UK,-5.0,4,electronic,Yes,1192.71,nan,2024-01-26,2024-10-05
U1308,53.0,FEMALE,Brazil,18.492478433261343,4,electronic,yes,1535.43,Mobile,2024-04-08,
U1309,30.0,Male,Canada,22.231478728689563,1,Home Decor,yes,1004.04,Tab,2023-10-11,
U1310,37.0,Female,USA,-3.9034594843347072,6,nan,Yes,932.54,mobile,,2024-07-13
U1311,21.0,male,India,6.9221543623205,3,nan,yes,721.36,MOBILE,2024-03-15,2024-11-23
U1312,19.0,male,USA,19.953234088041583,3,electronic,YES,1880.7,Tab,2023-04-16,2025-05-14
U1313,-1.0,male,India,31.45996375769359,3,Groceries,Yes,678.0,mobile,2022-10-20,2025-04-22
U1314,55.0,male,Germany,15.166349661403263,4,Home Decor,No,,nan,2022-08-11,2025-01-10
U1315,49.0,FEMALE,Canada,,6,Clothes,Yes,1133.12,Desktop,2022-09-26,2025-02-02
U1316,36.0,Male,India,13.536828471161279,7,cloths,yes,858.02,Tab,2023-08-24,2025-05-02
U1317,25.0,Male,India,25.99901135318548,2,Groceries,yes,1159.45,mobile,2023-01-29,2024-08-09
U1318,25.0,FeMale,Germany,9.832286567003717,3,cloths,Yes,1550.45,nan,2022-06-13,2024-06-11
U1319,29.0,femle,Canada,8.606463946797971,3,Clothes,YES,779.48,nan,2023-04-05,2025-03-13
U1320,42.0,male,USA,11.13805182254374,4,Clothes,yes,1500.1,nan,2024-01-11,2025-04-02
U1321,50.0,Male,Germany,7.373371133930301,4,cloths,no,0.0,Desktop,2023-10-24,2024-10-29
U1322,47.0,FEMALE,India,15.981362527958364,3,Groceries,YES,1092.35,Mobile,2023-01-26,2024-06-11
U1323,30.0,male,India,27.997427667756483,5,cloths,nan,0.0,Desktop,2022-08-21,2024-08-24
U1324,60.0,Male,nan,17.584634184928234,5,cloths,YES,1620.47,Desktop,,
U1325,51.0,Male,nan,12.9811719829897,4,Electronics,No,0.0,MOBILE,2023-06-16,2024-09-21
U1326,42.0,Female,India,12.665509848675647,8,Groceries,yes,1053.97,nan,2023-03-31,2025-04-11
U1327,45.0,FEMALE,nan,2.4944735304267436,4,nan,No,0.0,mobile,2024-03-11,
U1328,36.0,Male,Brazil,22.064878217177274,3,nan,No,0.0,Tab,2024-05-06,2024-11-02
U1329,29.0,Male,Canada,,5,Electronics,No,,MOBILE,2022-11-11,2024-09-03
U1330,33.0,Male,Germany,13.556160691274995,9,Home Decor,yes,1251.35,nan,2023-11-08,2024-08-12
U1331,51.0,FEMALE,Germany,40.54486054275888,5,electronic,yes,991.97,Tablet,2023-03-28,2025-05-19
U1332,18.0,Male,Germany,17.39002326692549,2,nan,No,,Desktop,2023-09-20,
U1333,23.0,Male,Brazil,8.985671599238525,5,cloths,No,0.0,Tablet,2023-08-24,2025-03-13
U1334,20.0,Female,India,11.589139230355654,2,Home Decor,No,0.0,nan,2022-10-14,2024-12-26
U1335,19.0,Male,India,,2,nan,YES,1436.9,MOBILE,2022-06-26,2025-02-04
U1336,56.0,FEMALE,USA,15.906163284302115,5,Groceries,Yes,1245.81,mobile,2023-01-28,2025-05-31
U1337,49.0,Male,UK,3.4937761734610664,2,cloths,yes,1127.17,MOBILE,2023-05-03,2025-02-21
U1338,39.0,Male,USA,22.353831476601627,5,electronic,No,0.0,mobile,2023-06-20,
U1339,22.0,Male,Brazil,,1,Home Decor,No,,mobile,2022-08-02,2024-08-06
U1340,40.0,Female,nan,29.986382209740363,3,nan,Yes,710.27,nan,2022-10-29,2025-04-15
U1341,39.0,FeMale,India,23.640384525717188,3,nan,Yes,838.43,Mobile,2023-09-26,2025-02-19
U1342,25.0,FeMale,Brazil,11.42142483472999,2,Books,no,0.0,nan,2022-10-13,2024-07-19
U1343,37.0,male,Germany,25.248130893880905,6,nan,No,0.0,Desktop,2023-08-04,2025-05-08
U1344,35.0,FEMALE,Canada,15.542844084219226,2,Clothes,Yes,754.7,MOBILE,,2025-05-25
U1345,45.0,Male,India,21.822189400977756,0,cloths,No,0.0,mobile,2023-10-28,2024-11-27
U1346,46.0,Male,Brazil,18.8778625383558,5,electronic,No,0.0,nan,2023-12-18,2024-07-22
U1347,20.0,FeMale,UK,8.22914676007301,2,Clothes,Yes,659.85,nan,2023-07-01,2025-01-27
U1348,34.0,Male,Canada,9.851601341460304,5,Electronics,No,0.0,MOBILE,2023-11-25,2025-02-22
U1349,46.0,Male,Brazil,23.239686540649288,1,Home Decor,YES,407.6,MOBILE,2023-12-22,
U1350,40.0,Male,Germany,12.321797343147672,5,nan,YES,775.28,mobile,2022-07-19,2025-04-06
U1351,56.0,Male,Brazil,,5,Electronics,No,,Tab,2024-03-07,2025-05-14
U1352,47.0,Male,Canada,,5,electronic,No,,Tablet,2024-03-18,2025-04-20
U1353,25.0,FEMALE,Brazil,18.38879252474769,8,cloths,nan,,Desktop,2022-07-08,2025-01-18
U1354,21.0,male,India,31.50019935394516,4,Clothes,No,0.0,Desktop,2022-12-09,2024-06-18
U1355,46.0,FeMale,Canada,6.459736685965817,5,Clothes,No,,Tab,2023-05-14,2025-04-12
U1356,19.0,FeMale,Brazil,15.193755653382064,6,Home Decor,Yes,1327.63,Mobile,2022-11-15,2024-12-01
U1357,44.0,male,Brazil,26.297764443323434,5,cloths,No,0.0,Tab,2023-05-03,2025-05-09
U1358,60.0,Male,USA,14.362868870034278,4,nan,yes,835.63,Mobile,2023-08-29,2024-11-25
U1359,43.0,male,Brazil,18.618974369997872,2,Books,Yes,1108.31,Mobile,2022-08-07,2024-12-27
U1360,35.0,FEMALE,USA,,7,Books,yes,1290.43,Tab,2024-05-22,2024-09-17
U1361,46.0,Male,Brazil,18.426456777661187,2,Home Decor,Yes,1108.3,Desktop,2022-07-20,2025-03-14
U1362,38.0,FEMALE,India,13.50284587996361,4,cloths,No,0.0,Tablet,2024-03-08,2025-04-06
U1363,42.0,male,Brazil,22.885839965438905,3,Home Decor,yes,516.65,Desktop,2022-07-27,2024-11-29
U1364,60.0,FEMALE,nan,24.49908841251801,4,cloths,No,0.0,nan,2023-09-08,2025-02-14
U1365,35.0,male,India,35.716509136148915,5,electronic,YES,1154.4,Desktop,2022-09-11,2025-03-01
U1366,-1.0,Male,nan,19.637065385708606,2,electronic,Yes,886.95,Desktop,2023-08-07,
U1367,58.0,femle,Germany,17.60637053265733,7,Electronics,yes,1333.95,Tab,,2024-11-12
U1368,26.0,Female,Canada,16.555074412618687,2,nan,Yes,672.07,Tab,2022-06-24,2024-12-27
U1369,21.0,Male,UK,12.174669657514492,5,Home Decor,yes,1182.95,nan,2023-01-20,2024-10-09
U1370,22.0,FeMale,Brazil,17.70787074769353,1,nan,Yes,376.11,nan,2024-05-16,2024-08-15
U1371,18.0,male,UK,12.636788718887765,3,cloths,yes,1203.16,Tab,2022-06-20,2024-07-09
U1372,22.0,FeMale,Canada,16.347687810156913,1,Books,No,,Desktop,2023-05-23,2024-07-04
U1373,48.0,Female,Germany,25.54078028486368,4,nan,yes,676.13,Tablet,2024-01-21,2024-12-01
U1374,21.0,male,USA,6.947659477762871,5,cloths,No,0.0,Mobile,2023-07-24,2025-04-23
U1375,32.0,Male,Brazil,24.119028489032363,5,electronic,no,,MOBILE,2023-02-12,2024-06-13
U1376,55.0,Male,UK,25.536920538718924,3,cloths,Yes,634.93,Mobile,2024-05-18,2024-10-07
U1377,19.0,male,UK,14.05545178407137,4,Home Decor,Yes,1409.01,nan,2023-11-01,2024-07-31
U1378,54.0,FEMALE,UK,-1.9748391920687567,4,Electronics,No,,nan,2023-06-02,
U1379,30.0,Male,Germany,10.137424103244541,9,Electronics,Yes,1179.5,Mobile,2024-04-10,2024-06-04
U1380,23.0,Male,UK,25.375956372488872,5,Electronics,Yes,482.52,MOBILE,2023-12-24,2025-05-10
U1381,49.0,FeMale,India,14.817055501608943,5,Electronics,no,,Desktop,2023-12-15,
U1382,46.0,nan,Germany,7.005582141640714,7,electronic,nan,0.0,Tablet,2024-01-11,2025-04-06
U1383,57.0,male,India,10.96180063017426,3,Groceries,No,0.0,Tablet,2023-10-03,2025-04-28
U1384,50.0,Male,USA,21.724960212036425,2,nan,no,0.0,Mobile,2023-12-14,2025-05-25
U1385,53.0,Male,USA,19.373868545611035,7,Home Decor,YES,1604.11,MOBILE,,2024-08-22
U1386,30.0,Male,USA,13.088543206642445,7,Clothes,No,,nan,2022-08-28,2024-12-05
U1387,25.0,femle,Brazil,12.0654047054825,5,Home Decor,yes,1168.68,mobile,2023-03-27,2024-10-31
U1388,51.0,Male,USA,11.865934807649424,6,Groceries,NO,0.0,Desktop,2022-11-19,2024-10-17
U1389,54.0,FEMALE,Germany,7.62071852401198,5,Electronics,nan,0.0,Mobile,2023-01-19,2024-11-06
U1390,,Male,USA,27.923005515755534,2,Groceries,No,,Tablet,,2024-11-21
U1391,36.0,FEMALE,USA,12.42143624630928,5,Books,NO,,nan,2023-05-22,2025-01-02
U1392,34.0,FEMALE,USA,24.73726816660397,7,Books,Yes,922.81,Tab,2023-10-05,2025-01-03
U1393,52.0,FeMale,India,27.17052841537961,6,nan,Yes,1324.63,Tab,2023-08-24,2025-01-01
U1394,33.0,Male,Brazil,22.986487185183684,2,electronic,Yes,961.29,MOBILE,2022-11-23,2025-04-06
U1395,59.0,Male,Brazil,11.547037498255612,6,Home Decor,nan,0.0,MOBILE,2022-10-02,2025-05-11
U1396,56.0,Male,Brazil,18.229840722692877,3,Home Decor,yes,744.5,Mobile,2023-12-12,2024-12-08
U1397,37.0,femle,Germany,14.806435148872671,5,Clothes,yes,1292.15,mobile,2024-02-29,2024-10-22
U1398,51.0,FeMale,USA,7.770385114158975,4,electronic,YES,775.95,Tablet,2024-04-24,
U1399,51.0,FEMALE,Canada,17.594874253772822,2,Clothes,No,0.0,Mobile,2024-04-09,2024-09-01
U1400,22.0,FEMALE,Germany,5.56768167072158,5,Books,Yes,918.28,mobile,2024-05-13,2025-03-11
U1401,58.0,FEMALE,Germany,24.501435107692508,6,Electronics,No,0.0,nan,2022-06-17,2024-08-08
U1402,40.0,Male,India,,6,Groceries,No,0.0,MOBILE,2023-03-15,2025-04-17
U1403,55.0,femle,USA,16.609277246982714,3,Clothes,yes,1370.12,Tab,,2025-03-30
U1404,32.0,male,USA,17.266302972369136,4,cloths,YES,802.99,Desktop,2024-03-16,
U1405,58.0,male,USA,12.92876021036738,4,Clothes,Yes,921.91,nan,2022-12-24,2024-08-10
U1406,35.0,male,Brazil,19.6935504118022,5,Electronics,Yes,546.99,Tab,2024-04-19,2025-02-06
U1407,18.0,Male,Germany,11.200770747019805,2,Electronics,Yes,933.84,Tablet,2022-09-26,2025-04-23
U1408,58.0,Male,Brazil,21.97037837965795,1,Home Decor,No,,Tablet,2023-05-02,2025-04-20
U1409,22.0,Female,UK,4.232162558026012,1,Groceries,no,0.0,Tab,2024-02-11,2024-09-12
U1410,32.0,Male,UK,16.011036636371294,7,Electronics,NO,0.0,nan,2022-07-18,2024-12-10
U1411,60.0,FEMALE,UK,30.511431992466278,7,electronic,yes,1196.35,Tab,2023-12-16,2024-06-04
U1412,60.0,Male,nan,6.997349403155402,5,Clothes,No,0.0,mobile,2022-08-14,2025-02-17
U1413,43.0,male,India,9.578040235801188,5,Clothes,No,0.0,Mobile,2024-05-11,
U1414,46.0,Male,India,19.11126279727132,2,Books,Yes,1027.95,MOBILE,2024-01-21,2025-01-19
U1415,38.0,male,India,16.436654255516785,1,Electronics,yes,1052.55,mobile,2023-10-29,2024-08-04
U1416,31.0,Female,Brazil,17.805040794188475,6,cloths,yes,710.42,Desktop,2024-02-13,2024-12-29
U1417,32.0,Male,Canada,18.91349704118131,3,Home Decor,Yes,978.52,Tab,2022-12-26,2025-05-08
U1418,48.0,FEMALE,USA,20.077771748494158,3,Groceries,YES,1339.47,Desktop,,2025-03-23
U1419,51.0,male,Canada,23.877598735649784,3,cloths,No,,Desktop,2024-05-17,2024-06-27
U1420,53.0,FEMALE,India,18.2785492554281,2,Home Decor,NO,0.0,mobile,2024-01-09,2024-12-18
U1421,53.0,femle,Canada,13.06993876305166,4,Clothes,no,0.0,MOBILE,2023-09-09,2025-02-21
U1422,22.0,Female,USA,20.38058960962185,3,cloths,YES,1142.68,nan,2022-09-17,2025-02-13
U1423,40.0,Male,India,30.199055479161725,7,Home Decor,YES,475.93,Tablet,2023-11-26,2024-06-20
U1424,20.0,Male,Germany,13.938930028939412,4,Clothes,Yes,838.37,Mobile,2023-06-13,2025-04-29
U1425,42.0,Male,USA,7.203765562634868,3,Clothes,Yes,923.52,Tablet,2023-01-18,2024-11-03
U1426,37.0,FEMALE,USA,23.856645354295782,5,Clothes,Yes,1076.85,MOBILE,2024-05-27,2024-10-02
U1427,57.0,Male,USA,14.036950688371213,2,Clothes,Yes,1357.99,Tablet,2024-02-28,2024-10-03
U1428,33.0,male,UK,-2.3813563681122893,4,electronic,yes,768.48,Tab,2023-03-12,2025-01-02
U1429,23.0,FEMALE,Germany,21.779373417203374,3,Clothes,yes,850.61,Tab,,2025-01-13
U1430,24.0,male,USA,10.717374512368618,5,Books,Yes,846.24,mobile,2023-05-27,2024-07-28
U1431,52.0,Female,Brazil,14.275733741566714,2,cloths,yes,759.54,Desktop,2022-07-08,2025-04-03
U1432,45.0,Male,UK,17.655842644552116,6,Home Decor,Yes,895.84,MOBILE,2024-02-08,2024-10-23
U1433,22.0,Male,USA,16.52399743823253,3,Books,No,0.0,MOBILE,2023-12-08,2024-06-05
U1434,21.0,Female,Germany,,4,electronic,Yes,1231.24,Tablet,2023-06-07,2024-10-19
U1435,49.0,male,India,11.516109035441254,5,nan,No,,mobile,2023-05-13,2024-06-28
U1436,21.0,FEMALE,India,19.104846385408663,4,nan,No,0.0,Tablet,2024-03-08,2025-01-31
U1437,54.0,male,Brazil,12.923626579328662,4,Books,No,0.0,Tablet,2024-02-10,2025-05-31
U1438,49.0,Male,India,20.910483847100025,2,Electronics,No,0.0,MOBILE,2022-09-18,2024-12-05
U1439,21.0,FeMale,Germany,19.92293987210443,3,Electronics,nan,0.0,Tablet,2023-08-22,2024-07-27
U1440,21.0,Female,UK,7.516490383643237,2,Electronics,Yes,901.15,Desktop,2023-02-15,2025-04-21
U1441,,FEMALE,India,23.687856929400258,1,Groceries,Yes,1502.46,Tablet,,2025-03-03
U1442,34.0,Male,Brazil,10.712292439087616,3,Electronics,Yes,917.56,Desktop,,2024-08-08
U1443,34.0,FEMALE,USA,21.46446238624916,4,Home Decor,NO,0.0,MOBILE,2024-03-30,2025-04-25
U1444,54.0,male,nan,17.938298507210725,4,Books,Yes,339.63,mobile,2022-11-17,
U1445,60.0,Male,Germany,,7,Home Decor,yes,1340.94,Tab,,2024-06-14
U1446,,femle,UK,13.212272141025183,2,cloths,YES,726.25,Desktop,2024-03-13,2024-06-25
U1447,51.0,Male,Brazil,12.20546563105442,5,Electronics,YES,1122.39,mobile,2022-11-17,2025-03-13
U1448,34.0,nan,India,14.84464315289814,8,electronic,YES,1106.51,mobile,2023-07-29,2024-09-14
U1449,21.0,male,Brazil,12.574561737325796,9,Groceries,Yes,1382.49,Desktop,,2024-12-02
U1450,52.0,Male,nan,21.3995352155364,2,cloths,Yes,1059.32,MOBILE,2022-12-31,
U1451,43.0,male,Brazil,2.0695151325072967,4,electronic,No,0.0,Mobile,2022-06-05,2025-04-28
U1452,37.0,FeMale,UK,6.570540646829167,4,Groceries,YES,510.4,mobile,2023-10-11,2024-07-12
U1453,58.0,Female,Canada,6.457576627366455,6,nan,Yes,728.52,mobile,2023-01-24,2025-04-21
U1454,22.0,FeMale,USA,22.602460735788604,5,cloths,Yes,457.89,MOBILE,2023-12-14,2025-01-18
U1455,40.0,FEMALE,USA,28.684906980655402,1,nan,nan,,MOBILE,2023-04-15,2024-11-05
U1456,18.0,FEMALE,Brazil,,2,Books,Yes,917.55,Tablet,2024-03-08,2025-04-26
U1457,38.0,FeMale,Germany,,6,Home Decor,yes,811.45,MOBILE,2022-07-16,2024-10-09
U1458,20.0,Male,UK,15.560417304905451,5,Clothes,yes,912.21,mobile,2024-01-02,2024-11-09
U1459,23.0,male,Canada,24.295026420865526,4,Home Decor,No,0.0,Desktop,2023-12-16,2025-05-11
U1460,23.0,Male,USA,7.581174926475407,5,Electronics,Yes,942.93,Mobile,2022-08-16,2025-02-27
U1461,47.0,nan,USA,16.90695186187828,4,nan,Yes,550.77,nan,2024-04-05,2024-09-23
U1462,51.0,femle,UK,22.80158103825944,4,electronic,NO,0.0,Tablet,2024-01-16,2024-07-12
U1463,44.0,Male,USA,19.008753359518764,1,Clothes,NO,,nan,2022-07-21,2024-06-24
U1464,-1.0,Female,UK,16.516652932789945,8,Groceries,yes,853.33,Desktop,2023-05-09,2024-09-12
U1465,34.0,femle,Germany,23.00836874053713,2,nan,no,0.0,Mobile,2023-08-03,2024-11-26
U1466,30.0,Male,Brazil,-5.0,4,Books,NO,0.0,Mobile,2022-07-25,2024-09-03
U1467,56.0,FEMALE,India,20.423002556247262,7,Books,Yes,1476.68,Mobile,2023-06-03,
U1468,28.0,femle,Brazil,9.76739453498061,6,nan,Yes,671.13,Tab,2023-10-12,2024-09-16
U1469,-1.0,Male,Germany,0.3549368251483447,3,nan,yes,979.64,Desktop,2023-04-05,2025-01-07
U1470,18.0,FEMALE,Brazil,19.089620796199846,5,nan,Yes,1129.49,Tablet,2024-04-23,2025-01-09
U1471,-1.0,Male,India,25.98926836130366,5,Groceries,Yes,1221.9,Tablet,2023-03-16,2024-06-05
U1472,19.0,femle,UK,13.900411882978466,3,Electronics,yes,1771.6,Mobile,2023-02-21,2025-01-19
U1473,57.0,nan,Canada,22.62299637762351,3,Groceries,No,,Desktop,2023-04-05,2024-10-17
U1474,41.0,femle,USA,27.898226063909163,5,cloths,no,,Tab,2022-11-26,2025-02-15
U1475,,male,India,25.51931562867238,1,electronic,NO,0.0,Mobile,2023-12-19,2025-04-04
U1476,21.0,FeMale,India,28.119716234971143,4,nan,Yes,325.17,MOBILE,2023-08-27,2025-03-29
U1477,42.0,FeMale,Brazil,20.93701992857514,2,electronic,no,,nan,2024-03-04,2024-06-20
U1478,-1.0,male,Brazil,15.603469111212743,1,Electronics,No,0.0,Tablet,2022-08-27,2025-05-30
U1479,41.0,FeMale,Germany,2.1842735048226523,2,Clothes,No,0.0,nan,2024-03-28,2024-07-30
U1480,46.0,Male,USA,13.03150009496041,4,Groceries,No,0.0,mobile,2022-06-26,2025-02-26
U1481,49.0,FEMALE,USA,8.254027237470467,4,Electronics,Yes,1205.99,Mobile,2024-01-19,2024-10-26
U1482,38.0,Male,Brazil,32.367541739982514,2,electronic,No,0.0,MOBILE,2023-12-05,2025-05-18
U1483,46.0,Male,Germany,13.592913500541307,9,Clothes,Yes,954.65,Tablet,2023-04-12,2024-06-22
U1484,44.0,Male,nan,15.985638454275886,4,Groceries,No,0.0,nan,2023-11-10,2024-10-31
U1485,58.0,FEMALE,India,19.41188300832374,5,Books,No,,Tab,2024-04-01,2024-08-08
U1486,20.0,male,Brazil,15.34881957097963,4,Groceries,yes,1405.3,Desktop,2022-07-30,2025-04-12
U1487,30.0,Female,Germany,28.560408323446026,3,Home Decor,yes,546.24,Tablet,2023-07-11,2024-10-19
U1488,60.0,Male,Germany,10.018805106124384,6,Groceries,Yes,600.79,nan,2024-03-12,2024-09-23
U1489,57.0,male,UK,16.55685964189794,5,Home Decor,No,0.0,Desktop,2024-05-29,2025-05-14
U1490,38.0,male,Brazil,9.060235314415614,5,Clothes,No,0.0,nan,2024-01-20,
U1491,45.0,Female,nan,4.439819910234354,4,Groceries,Yes,346.61,Desktop,2023-05-30,2024-10-24
U1492,30.0,male,India,10.105847272757718,4,Clothes,yes,1030.86,Tab,2022-11-03,2024-10-26
U1493,26.0,FEMALE,India,14.703705623612704,3,Clothes,yes,1044.8,Tab,2023-11-20,2024-12-30
U1494,38.0,FeMale,UK,11.56558220386192,1,electronic,Yes,576.68,Mobile,2022-07-30,2025-05-21
U1495,33.0,FEMALE,Brazil,9.460632161009151,1,Electronics,No,,Mobile,2023-09-17,2025-01-02
U1496,44.0,Male,USA,3.749460290625329,5,Clothes,Yes,1240.95,Tablet,2022-10-12,2024-09-20
U1497,21.0,Male,India,14.335155418970443,6,Clothes,NO,0.0,Tab,2024-04-20,2025-02-24
U1498,150.0,FeMale,India,2.962237007751982,6,electronic,Yes,432.17,MOBILE,2024-03-23,2025-01-23
U1499,,Male,Canada,,3,electronic,nan,0.0,nan,2023-05-20,2024-09-21
U1500,49.0,FeMale,India,15.659518023476027,6,Groceries,yes,1093.45,nan,2023-05-30,2025-01-02
U1501,42.0,male,USA,3.3395880042805555,5,electronic,No,0.0,nan,2023-02-16,2025-03-29
U1502,31.0,femle,USA,12.526327383601092,6,Groceries,YES,1160.31,Tablet,2023-08-16,2025-03-13
U1503,54.0,Female,USA,8.982748755275335,1,Books,no,0.0,nan,2022-12-20,2025-05-10
U1504,48.0,nan,India,17.553396083353444,3,electronic,YES,1027.33,mobile,2023-10-15,2025-03-20
U1505,25.0,male,Germany,25.723603568185155,3,Electronics,Yes,1062.42,Desktop,2023-05-07,2025-04-20
U1506,58.0,Female,India,-0.0013797571659566188,6,Clothes,No,0.0,nan,2022-07-31,2025-02-28
U1507,54.0,male,UK,15.920208633179337,2,Electronics,yes,783.06,Desktop,2023-02-06,2025-01-10
U1508,60.0,male,USA,13.718937635466876,9,Home Decor,NO,,Mobile,2024-04-21,2024-10-09
U1509,50.0,FEMALE,Germany,20.370720611603726,4,nan,NO,0.0,nan,2023-09-22,
U1510,45.0,FeMale,Canada,16.705573025901515,3,electronic,yes,842.04,MOBILE,2023-11-05,2024-09-01
U1511,36.0,nan,Brazil,8.984245346089448,5,Clothes,yes,842.93,Tab,,2024-07-22
U1512,59.0,Female,Germany,12.447568514667054,5,Electronics,no,,Tab,2023-12-13,2024-10-24
U1513,56.0,male,USA,8.631793145572088,2,electronic,Yes,1263.45,Mobile,2023-08-21,2025-04-06
U1514,20.0,male,USA,23.608057108788785,3,electronic,YES,768.9,mobile,2024-05-09,2025-03-11
U1515,19.0,Female,Brazil,15.170493189375538,5,nan,yes,809.74,Tablet,2024-05-27,2024-07-28
U1516,34.0,Male,nan,30.20952548602406,4,Books,yes,686.18,Tablet,2022-08-03,2024-08-14
U1517,54.0,Male,Brazil,14.514713489483034,3,Books,NO,0.0,MOBILE,2024-01-26,2024-10-08
U1518,,male,Brazil,9.332745864716298,1,Clothes,Yes,828.91,Mobile,2024-02-22,2024-08-18
U1519,24.0,Male,UK,2.890284859097383,4,Home Decor,yes,646.27,Mobile,2022-10-13,2025-03-14
U1520,44.0,Male,Germany,0.5748825899524395,2,Books,yes,1010.17,mobile,2023-04-02,2024-08-07
U1521,35.0,Male,India,2.326912455956082,8,nan,Yes,642.88,nan,2024-02-26,2024-06-12
U1522,-1.0,Male,Brazil,17.13701320809187,7,Books,No,0.0,Tablet,2023-03-03,2025-04-05
U1523,55.0,Male,nan,19.06980018583947,5,Home Decor,Yes,948.78,nan,2023-08-06,2024-08-12
U1524,55.0,nan,India,2.3504743837429327,2,Electronics,No,,Mobile,,2025-01-03
U1525,38.0,male,Brazil,22.160306512608923,4,Books,Yes,278.13,nan,2023-04-08,2025-03-03
U1526,36.0,male,USA,11.135511586532484,6,nan,No,,Tab,2023-08-07,2025-04-23
U1527,30.0,FEMALE,Germany,16.174344095884393,3,Groceries,YES,563.0,MOBILE,2023-12-09,2024-07-22
U1528,20.0,Male,India,27.897765026043395,2,nan,NO,0.0,Tablet,,2025-05-24
U1529,56.0,femle,Germany,22.174714526924255,5,cloths,NO,0.0,mobile,,2025-03-23
U1530,54.0,Female,UK,12.851754816753342,5,cloths,yes,873.52,MOBILE,2023-07-28,2024-08-12
U1531,,Male,USA,7.870462196677701,5,Books,Yes,605.75,Desktop,,
U1532,,male,Brazil,-2.2145232106344395,5,Electronics,Yes,1238.0,Tab,2022-11-25,2024-07-31
U1533,42.0,FeMale,UK,,6,electronic,yes,1125.57,mobile,2022-10-21,2024-12-20
U1534,52.0,femle,Canada,13.310958089378445,4,Electronics,Yes,1107.86,MOBILE,,2024-07-02
U1535,60.0,male,USA,7.102563782790528,0,nan,nan,0.0,Mobile,2023-03-24,2024-10-25
U1536,56.0,FEMALE,USA,13.949944263261562,6,Clothes,yes,1102.55,Desktop,2022-06-29,2024-07-14
U1537,29.0,Male,India,15.614815063670147,5,Groceries,YES,981.99,mobile,2024-04-08,2024-08-06
U1538,38.0,nan,nan,13.20115214553537,6,Electronics,nan,0.0,Mobile,2023-04-19,2025-03-06
U1539,23.0,Male,Canada,9.799979353412322,6,Home Decor,Yes,790.72,Tab,2022-10-14,2025-05-22
U1540,60.0,femle,Germany,16.34923737573382,2,nan,No,0.0,Desktop,2022-10-26,2025-03-24
U1541,45.0,FEMALE,UK,18.535525196555273,2,Groceries,NO,0.0,Tablet,2023-06-30,2025-03-21
U1542,28.0,FEMALE,Germany,6.276807380457232,3,cloths,No,,Mobile,2023-09-07,2025-02-03
U1543,48.0,male,Brazil,26.28745903797016,6,nan,no,0.0,MOBILE,2023-06-01,2025-05-14
U1544,45.0,Male,India,,4,Groceries,Yes,713.78,nan,2023-09-05,
U1545,34.0,Male,UK,15.15079698355878,3,Home Decor,YES,1204.12,mobile,2023-02-17,2025-02-20
U1546,23.0,Male,India,20.665715386052458,3,Books,YES,958.63,Desktop,2023-01-18,2024-10-11
U1547,48.0,Male,UK,16.865729050108012,3,Home Decor,NO,0.0,Mobile,2023-12-03,2024-07-22
U1548,41.0,Female,UK,22.62509307130596,4,Home Decor,No,0.0,Tablet,2022-09-22,2024-12-01
U1549,52.0,male,UK,17.296993321614593,2,Books,No,0.0,nan,,2024-12-09
